,one,two,three,four,five,six,seven,eight
0,4.0,2.1,3.1,bar,True,2017-07-22,200.45,BioMed Central
1,4.0,2.3600000000000003,3.2,club,False,2017-01-01,650.38,Amercian Chemical Society
2,3.0,2.3,3.3,club,True,2017-02-01,85.07,Amercian Chemical Society
3,5.0,2.4,3.3,bar,True,2017-03-01,0.0,Biophysical Society
4,4.0,2.5,3.5,bar,False,2017-07-22,230.22,BioMed Central
5,6.0,2.3600000000000003,3.3,club,True,2017-02-01,650.96,Cadmus Journal Services
6,2.0,2.5,3.3,house,True,2017-04-01,0.0,Frontiers Media
